title,price
Subnautica 2,Rp 350 999
PUBG: BATTLEGROUNDS,Free
Forza Horizon 6,Rp 899 000
Counter-Strike 2,Free
Overwatch®,Free
Apex Legends™,Free
Battlefield™ 6,Rp 799 000
Season 3 Battlefield Pro - Battlefield™ 6 and REDSEC,Rp 289 000
Red Dead Redemption 2,Rp 219 750
Diablo® IV,Rp 446 400
Subnautica,Rp 87 749
Heroes of Might and Magic: Olden Era,Rp 224 999
The Seven Deadly Sins: Origin,Free
Devil May Cry 5,Rp 58 350
Warframe,Free
Palia,Free
Gamble With Your Friends,Rp 74 000
Subnautica: Below Zero,Rp 87 749
NBA 2K26,Rp 111 860
War Thunder,Free
Far Far West,Rp 136 999
ARC Raiders,Rp 479 000
Windrose,Rp 245 999
Battlefield™ REDSEC,Free
Dota 2,Free
Subnautica 2,Rp 350 999
PUBG: BATTLEGROUNDS,Free
Forza Horizon 6,Rp 899 000
Counter-Strike 2,Free
Overwatch®,Free
Apex Legends™,Free
Battlefield™ 6,Rp 799 000
Season 3 Battlefield Pro - Battlefield™ 6 and REDSEC,Rp 289 000
Red Dead Redemption 2,Rp 219 750
Diablo® IV,Rp 446 400
Subnautica,Rp 87 749
Heroes of Might and Magic: Olden Era,Rp 224 999
The Seven Deadly Sins: Origin,Free
Devil May Cry 5,Rp 58 350
Warframe,Free
Palia,Free
Gamble With Your Friends,Rp 74 000
Subnautica: Below Zero,Rp 87 749
NBA 2K26,Rp 111 860
War Thunder,Free
Far Far West,Rp 136 999
ARC Raiders,Rp 479 000
Windrose,Rp 245 999
Battlefield™ REDSEC,Free
Dota 2,Free
Subnautica 2,Rp 350 999
PUBG: BATTLEGROUNDS,Free
Forza Horizon 6,Rp 899 000
Counter-Strike 2,Free
Overwatch®,Free
Apex Legends™,Free
Battlefield™ 6,Rp 799 000
Season 3 Battlefield Pro - Battlefield™ 6 and REDSEC,Rp 289 000
Red Dead Redemption 2,Rp 219 750
Diablo® IV,Rp 446 400
Subnautica,Rp 87 749
Heroes of Might and Magic: Olden Era,Rp 224 999
The Seven Deadly Sins: Origin,Free
Devil May Cry 5,Rp 58 350
Warframe,Free
Palia,Free
Gamble With Your Friends,Rp 74 000
Subnautica: Below Zero,Rp 87 749
NBA 2K26,Rp 111 860
War Thunder,Free
Far Far West,Rp 136 999
ARC Raiders,Rp 479 000
Windrose,Rp 245 999
Battlefield™ REDSEC,Free
Dota 2,Free
Subnautica 2,Rp 350 999
PUBG: BATTLEGROUNDS,Free
Forza Horizon 6,Rp 899 000
Counter-Strike 2,Free
Overwatch®,Free
Apex Legends™,Free
Battlefield™ 6,Rp 799 000
Season 3 Battlefield Pro - Battlefield™ 6 and REDSEC,Rp 289 000
Red Dead Redemption 2,Rp 219 750
Diablo® IV,Rp 446 400
Subnautica,Rp 87 749
Heroes of Might and Magic: Olden Era,Rp 224 999
The Seven Deadly Sins: Origin,Free
Devil May Cry 5,Rp 58 350
Warframe,Free
Palia,Free
Gamble With Your Friends,Rp 74 000
Subnautica: Below Zero,Rp 87 749
NBA 2K26,Rp 111 860
War Thunder,Free
Far Far West,Rp 136 999
ARC Raiders,Rp 479 000
Windrose,Rp 245 999
Battlefield™ REDSEC,Free
Dota 2,Free
Subnautica 2,Rp 350 999
PUBG: BATTLEGROUNDS,Free
Forza Horizon 6,Rp 899 000
Counter-Strike 2,Free
Overwatch®,Free
Apex Legends™,Free
Battlefield™ 6,Rp 799 000
Season 3 Battlefield Pro - Battlefield™ 6 and REDSEC,Rp 289 000
Red Dead Redemption 2,Rp 219 750
Diablo® IV,Rp 446 400
Subnautica,Rp 87 749
Heroes of Might and Magic: Olden Era,Rp 224 999
The Seven Deadly Sins: Origin,Free
Devil May Cry 5,Rp 58 350
Warframe,Free
Palia,Free
Gamble With Your Friends,Rp 74 000
Subnautica: Below Zero,Rp 87 749
NBA 2K26,Rp 111 860
War Thunder,Free
Far Far West,Rp 136 999
ARC Raiders,Rp 479 000
Windrose,Rp 245 999
Battlefield™ REDSEC,Free
Dota 2,Free
